,carrier,on-time_arrival_pct.,,,,,,,,,,,,,,,,,,,,,,,,,,
1,Hawaiian  ,90.77,,,,,,,,,,,,,,,,,,,,,,,,,,
2,SkyWest  ,87.59,,,,,,,,,,,,,,,,,,,,,,,,,,
3,Southwest ,86.3,,,,,,,,,,,,,,,,,,,,,,,,,,
4,JetBlue ,84.34,,,,,,,,,,,,,,,,,,,,,,,,,,
5,United ,83.34,,,,,,,,,,,,,,,,,,,,,,,,,,
6,Northwest ,82.9,,,,,,,,,,,,,,,,,,,,,,,,,,
7,Delta ,82.3,,,,,,,,,,,,,,,,,,,,,,,,,,
8,Continental ,82.02,,,,,,,,,,,,,,,,,,,,,,,,,,
9,America West,81.99,,,,,,,,,,,,,,,,,,,,,,,,,,
10,American  ,81.72,,,,,,,,,,,,,,,,,,,,,,,,,,
11,Alaska  ,81.04,,,,,,,,,,,,,,,,,,,,,,,,,,
12,ATA,79.98,,,,,,,,,,,,,,,,,,,,,,,,,,
13,US Airways,79.71,,,,,,,,,,,,,,,,,,,,,,,,,,
14,ExpressJet  ,79.52,,,,,,,,,,,,,,,,,,,,,,,,,,
15,American Eagle ,78.58,,,,,,,,,,,,,,,,,,,,,,,,,,
16,AirTran,77.92,,,,,,,,,,,,,,,,,,,,,,,,,,
17,Atlantic Southeast ,75.41,,,,,,,,,,,,,,,,,,,,,,,,,,
18,Independence,74.8,,,,,,,,,,,,,,,,,,,,,,,,,,
,All Airlines,81.96,,,,,,,,,,,,,,,,,,,,,,,,,,
Source: Bureau of Transportation Statistics,,,,,,,,,,,,,,,,,,,,,,,,,,,,
,Carrier,On-Time Arrival Pct.,,,,,,,,,,,,,,,,,,,,,,,,,,
,Hawaiian  ,93.87,1,,,,,,,,,,,,,,,,,,,,,,,,,
,SkyWest  ,82.7,2,,,,,,,,,,,,,,,,,,,,,,,,,
,JetBlue ,81.78,3,,,,,,,,,,,,,,,,,,,,,,,,,
,Southwest ,80.06,4,,,,,,,,,,,,,,,,,,,,,,,,,
,ATA,79.81,5,,,,,,,,,,,,,,,,,,,,,,,,,
,United ,79.74,6,,,,,,,,,,,,,,,,,,,,,,,,,
,US Airways,79.23,7,,,,,,,,,,,,,,,,,,,,,,,,,
,Northwest ,79.09,8,,,,,,,,,,,,,,,,,,,,,,,,,
,Continental ,78.88,9,,,,,,,,,,,,,,,,,,,,,,,,,
,AirTran,77.74,10,,,,,,,,,,,,,,,,,,,,,,,,,
,Comair,77.25,11,,,,,,,,,,,,,,,,,,,,,,,,,
,ExpressJet  ,76.94,12,,,,,,,,,,,,,,,,,,,,,,,,,
,American  ,76.78,13,,,,,,,,,,,,,,,,,,,,,,,,,
,Alaska  ,76.47,14,,,,,,,,,,,,,,,,,,,,,,,,,
,Atlantic Southeast ,76.32,15,,,,,,,,,,,,,,,,,,,,,,,,,
,Delta ,76.17,16,,,,,,,,,,,,,,,,,,,,,,,,,
,America West,75.73,17,,,,,,,,,,,,,,,,,,,,,,,,,
,Independence,74.66,18,,,,,,,,,,,,,,,,,,,,,,,,,
,American Eagle ,73.16,19,,,,,,,,,,,,,,,,,,,,,,,,,
,All Airlines,78.08,,,,,,,,,,,,,,,,,,,,,,,,,,
,,,Source: Bureau of Transportation Statistics,,,,,,,,,,,,,,,,,,,,,,,,,
,Hawaiian  ,95.13,,1,,,,,,,,,,,,,,,,,,,,,,,,
,SkyWest  ,82.46,,2,,,,,,,,,,,,,,,,,,,,,,,,
,Frontier ,82.36,,3,,,,,,,,,,,,,,,,,,,,,,,,
,ATA,81.33,,4,,,,,,,,,,,,,,,,,,,,,,,,
,America West,81.22,,5,,,,,,,,,,,,,,,,,,,,,,,,
,Southwest ,80.74,,6,,,,,,,,,,,,,,,,,,,,,,,,
,Comair,80.1,,7,,,,,,,,,,,,,,,,,,,,,,,,
,Independence,78.02,,8,,,,,,,,,,,,,,,,,,,,,,,,
,United ,77.65,,9,,,,,,,,,,,,,,,,,,,,,,,,
,Continental ,76.9,,10,,,,,,,,,,,,,,,,,,,,,,,,
,American  ,76.86,,11,,,,,,,,,,,,,,,,,,,,,,,,
,Delta ,76.29,,12,,,,,,,,,,,,,,,,,,,,,,,,
,American Eagle ,76.21,,13,,,,,,,,,,,,,,,,,,,,,,,,
,US Airways,76.19,,14,,,,,,,,,,,,,,,,,,,,,,,,
,ExpressJet  ,75.44,,15,,,,,,,,,,,,,,,,,,,,,,,,
,Northwest ,75.03,,16,,,,,,,,,,,,,,,,,,,,,,,,
,JetBlue ,71.43,,17,,,,,,,,,,,,,,,,,,,,,,,,
,AirTran,71.34,,18,,,,,,,,,,,,,,,,,,,,,,,,
,Atlantic Southeast ,70.86,,19,,,,,,,,,,,,,,,,,,,,,,,,
,Alaska  ,69.74,,20,,,,,,,,,,,,,,,,,,,,,,,,
,All Airlines,77.4,,,,,,,,,,,,,,,,,,,,,,,,,,
,,,,Source: Bureau of Transportation Statistics,,,,,,,,,,,,,,,,,,,,,,,,
,Hawaiian  ,93.75,,,1,,,,,,,,,,,,,,,,,,,,,,,
,Aloha,89.97,,,2,,,,,,,,,,,,,,,,,,,,,,,
,Frontier,80.72,,,3,,,,,,,,,,,,,,,,,,,,,,,
,Southwest ,80.23,,,4,,,,,,,,,,,,,,,,,,,,,,,
,US Airways,76.85,,,5,,,,,,,,,,,,,,,,,,,,,,,
,SkyWest  ,76.78,,,6,,,,,,,,,,,,,,,,,,,,,,,
,Delta ,76.3,,,7,,,,,,,,,,,,,,,,,,,,,,,
,Northwest ,75.82,,,8,,,,,,,,,,,,,,,,,,,,,,,
,American  ,75.55,,,9,,,,,,,,,,,,,,,,,,,,,,,
,AirTran,74.62,,,10,,,,,,,,,,,,,,,,,,,,,,,
,United ,73.86,,,11,,,,,,,,,,,,,,,,,,,,,,,
,Comair,73.77,,,12,,,,,,,,,,,,,,,,,,,,,,,
,Continental ,73.42,,,13,,,,,,,,,,,,,,,,,,,,,,,
,JetBlue ,73.33,,,14,,,,,,,,,,,,,,,,,,,,,,,
,Alaska  ,73.28,,,15,,,,,,,,,,,,,,,,,,,,,,,
,ExpressJet  ,73.28,,,16,,,,,,,,,,,,,,,,,,,,,,,
,Mesa,72.9,,,17,,,,,,,,,,,,,,,,,,,,,,,
,American Eagle ,71.48,,,18,,,,,,,,,,,,,,,,,,,,,,,
,ATA,69.44,,,19,,,,,,,,,,,,,,,,,,,,,,,
,Atlantic Southeast ,66,,,20,,,,,,,,,,,,,,,,,,,,,,,
,All Airlines,75.45,,,,,,,,,,,,,,,,,,,,,,,,,,
,,,,,Source: Bureau of Transportation Statistics,,,,,,,,,,,,,,,,,,,,,,,
,Hawaiian  ,93.29,,,,1,,,,,,,,,,,,,,,,,,,,,,
,Aloha,92.25,,,,2,,,,,,,,,,,,,,,,,,,,,,
,Southwest ,80.12,,,,3,,,,,,,,,,,,,,,,,,,,,,
,Frontier  ,77.61,,,,4,,,,,,,,,,,,,,,,,,,,,,
,Delta ,76.89,,,,5,,,,,,,,,,,,,,,,,,,,,,
,AirTran  ,76.81,,,,6,,,,,,,,,,,,,,,,,,,,,,
,Pinnacle ,76.3,,,,7,,,,,,,,,,,,,,,,,,,,,,
,SkyWest  ,75.68,,,,8,,,,,,,,,,,,,,,,,,,,,,
,Continental ,74.34,,,,9,,,,,,,,,,,,,,,,,,,,,,
,ExpressJet  ,73.77,,,,10,,,,,,,,,,,,,,,,,,,,,,
,Mesa  ,73.1,,,,11,,,,,,,,,,,,,,,,,,,,,,
,Alaska  ,72.38,,,,12,,,,,,,,,,,,,,,,,,,,,,
,United ,70.33,,,,13,,,,,,,,,,,,,,,,,,,,,,
,JetBlue ,70.1,,,,14,,,,,,,,,,,,,,,,,,,,,,
,Northwest ,69.62,,,,15,,,,,,,,,,,,,,,,,,,,,,
,American Eagle ,69.13,,,,16,,,,,,,,,,,,,,,,,,,,,,
,American  ,68.74,,,,17,,,,,,,,,,,,,,,,,,,,,,
,US Airways,68.71,,,,18,,,,,,,,,,,,,,,,,,,,,,
,Comair ,67.86,,,,19,,,,,,,,,,,,,,,,,,,,,,
,Atlantic Southeast ,64.73,,,,20,,,,,,,,,,,,,,,,,,,,,,
,All Airlines,73.42,,,,,,,,,,,,,,,,,,,,,,,,,,
,,,,,,Source: Bureau of Transportation Statistics,,,,,,,,,,,,,,,,,,,,,,
,Hawaiian  ,89.97,,,,,1,,,,,,,,,,,,,,,,,,,,,
,Southwest ,80.48,,,,,2,,,,,,,,,,,,,,,,,,,,,
,US Airways,80.06,,,,,3,,,,,,,,,,,,,,,,,,,,,
,Pinnacle ,79.55,,,,,4,,,,,,,,,,,,,,,,,,,,,
,Frontier  ,78.98,,,,,5,,,,,,,,,,,,,,,,,,,,,
,SkyWest  ,78.97,,,,,6,,,,,,,,,,,,,,,,,,,,,
,Alaska  ,78.29,,,,,7,,,,,,,,,,,,,,,,,,,,,
,Northwest ,76.77,,,,,8,,,,,,,,,,,,,,,,,,,,,
,AirTran  ,76.73,,,,,9,,,,,,,,,,,,,,,,,,,,,
,Delta ,76.36,,,,,10,,,,,,,,,,,,,,,,,,,,,
,Atlantic Southeast ,74.24,,,,,11,,,,,,,,,,,,,,,,,,,,,
,Continental ,73.98,,,,,12,,,,,,,,,,,,,,,,,,,,,
,ExpressJet  ,73.57,,,,,13,,,,,,,,,,,,,,,,,,,,,
,Mesa  ,72.95,,,,,14,,,,,,,,,,,,,,,,,,,,,
,JetBlue ,72.87,,,,,15,,,,,,,,,,,,,,,,,,,,,
,American Eagle ,72.85,,,,,16,,,,,,,,,,,,,,,,,,,,,
,United ,71.61,,,,,17,,,,,,,,,,,,,,,,,,,,,
,Comair ,69.92,,,,,18,,,,,,,,,,,,,,,,,,,,,
,American  ,69.84,,,,,19,,,,,,,,,,,,,,,,,,,,,
,Aloha* ,94.33,,,,,20,,,,,,,,,,,,,,,,,,,,,
,All Airlines,76.04,,,,,,,,,,,,,,,,,,,,,,,,,,
,,,,,,,Source: Bureau of Transportation Statistics,,,,,,,,,,,,,,,,,,,,,
,,,,,,,* Aloha stopped reporting on-time data after February,,,,,,,,,,,,,,,,,,,,,
,Hawaiian  ,92.06,,,,,,1,,,,,,,,,,,,,,,,,,,,
,Southwest ,83,,,,,,2,,,,,,,,,,,,,,,,,,,,
,Alaska  ,82.91,,,,,,3,,,,,,,,,,,,,,,,,,,,
,Pinnacle ,82.54,,,,,,4,,,,,,,,,,,,,,,,,,,,
,SkyWest  ,82.11,,,,,,5,,,,,,,,,,,,,,,,,,,,
,United ,80.98,,,,,,6,,,,,,,,,,,,,,,,,,,,
,US Airways,80.87,,,,,,7,,,,,,,,,,,,,,,,,,,,
,Northwest ,79.15,,,,,,8,,,,,,,,,,,,,,,,,,,,
,Mesa  ,79.13,,,,,,9,,,,,,,,,,,,,,,,,,,,
,Continental ,78.77,,,,,,10,,,,,,,,,,,,,,,,,,,,
,ExpressJet  ,78.72,,,,,,11,,,,,,,,,,,,,,,,,,,,
,Delta ,78.56,,,,,,12,,,,,,,,,,,,,,,,,,,,
,Frontier  ,78.3,,,,,,13,,,,,,,,,,,,,,,,,,,,
,JetBlue ,77.45,,,,,,14,,,,,,,,,,,,,,,,,,,,
,American Eagle ,77.22,,,,,,15,,,,,,,,,,,,,,,,,,,,
,American  ,77.21,,,,,,16,,,,,,,,,,,,,,,,,,,,
,AirTran  ,75.79,,,,,,17,,,,,,,,,,,,,,,,,,,,
,Atlantic Southeast ,71.24,,,,,,18,,,,,,,,,,,,,,,,,,,,
,Comair ,69.02,,,,,,19,,,,,,,,,,,,,,,,,,,,
,All Airlines,79.49,,,,,,,,,,,,,,,,,,,,,,,,,,
,,,,,,,,Source: Bureau of Transportation Statistics,,,,,,,,,,,,,,,,,,,,
,Hawaiian  ,92.47,,,,,,,1,,,,,,,,,,,,,,,,,,,
,Alaska  ,87.56,,,,,,,2,,,,,,,,,,,,,,,,,,,
,United ,85.16,,,,,,,3,,,,,,,,,,,,,,,,,,,
,Mesa  ,83.32,,,,,,,4,,,,,,,,,,,,,,,,,,,
,US Airways,83.03,,,,,,,5,,,,,,,,,,,,,,,,,,,
,AirTran  ,82.84,,,,,,,6,,,,,,,,,,,,,,,,,,,
,Continental ,81.42,,,,,,,7,,,,,,,,,,,,,,,,,,,
,Frontier  ,81.41,,,,,,,8,,,,,,,,,,,,,,,,,,,
,American  ,79.63,,,,,,,9,,,,,,,,,,,,,,,,,,,
,Southwest ,79.46,,,,,,,10,,,,,,,,,,,,,,,,,,,
,Atlantic Southeast ,79.24,,,,,,,11,,,,,,,,,,,,,,,,,,,
,SkyWest  ,79.05,,,,,,,12,,,,,,,,,,,,,,,,,,,
,Pinnacle ,78.49,,,,,,,13,,,,,,,,,,,,,,,,,,,
,ExpressJet  ,77.77,,,,,,,14,,,,,,,,,,,,,,,,,,,
,Delta ,77.37,,,,,,,15,,,,,,,,,,,,,,,,,,,
,American Eagle ,77.05,,,,,,,16,,,,,,,,,,,,,,,,,,,
,JetBlue ,75.68,,,,,,,17,,,,,,,,,,,,,,,,,,,
,Comair ,73.12,,,,,,,18,,,,,,,,,,,,,,,,,,,
,All Airlines,79.79,,,,,,,,,,,,,,,,,,,,,,,,,,
,,,,,,,,,Source: Bureau of Transportation Statistics,,,,,,,,,,,,,,,,,,,
,Hawaiian  ,92.78,,,,,,,,1,,,,,,,,,,,,,,,,,,
,Alaska  ,88.2,,,,,,,,2,,,,,,,,,,,,,,,,,,
,AirTran  ,84.43,,,,,,,,3,,,,,,,,,,,,,,,,,,
,Mesa  ,83.73,,,,,,,,4,,,,,,,,,,,,,,,,,,
,Continental ,82.29,,,,,,,,5,,,,,,,,,,,,,,,,,,
,Southwest ,81.33,,,,,,,,6,,,,,,,,,,,,,,,,,,
,United ,80.16,,,,,,,,7,,,,,,,,,,,,,,,,,,
,US Airways,79.79,,,,,,,,8,,,,,,,,,,,,,,,,,,
,SkyWest  ,79.34,,,,,,,,9,,,,,,,,,,,,,,,,,,
,Frontier  ,79.16,,,,,,,,10,,,,,,,,,,,,,,,,,,
,American  ,77.79,,,,,,,,11,,,,,,,,,,,,,,,,,,
,Atlantic Southeast ,77.13,,,,,,,,12,,,,,,,,,,,,,,,,,,
,American Eagle ,76.35,,,,,,,,13,,,,,,,,,,,,,,,,,,
,Delta ,75.15,,,,,,,,14,,,,,,,,,,,,,,,,,,
,ExpressJet  ,74.67,,,,,,,,15,,,,,,,,,,,,,,,,,,
,JetBlue ,73.34,,,,,,,,16,,,,,,,,,,,,,,,,,,
,All Airlines,79.62,,,,,,,,,,,,,,,,,,,,,,,,,,
,,,,,,,,,,Source: Bureau of Transportation Statistics,,,,,,,,,,,,,,,,,,
,Hawaiian  ,93.38,,,,,,,,,1,,,,,,,,,,,,,,,,,
,Alaska  ,87.52,,,,,,,,,2,,,,,,,,,,,,,,,,,
,AirTran  ,87.09,,,,,,,,,3,,,,,,,,,,,,,,,,,
,Delta ,86.54,,,,,,,,,4,,,,,,,,,,,,,,,,,
,US Airways,85.88,,,,,,,,,5,,,,,,,,,,,,,,,,,
,Mesa  ,85,,,,,,,,,6,,,,,,,,,,,,,,,,,
,Virgin America,83.45,,,,,,,,,7,,,,,,,,,,,,,,,,,
,Southwest ,83.13,,,,,,,,,8,,,,,,,,,,,,,,,,,
,American Eagle ,81.60565583125502,,,,,,,,,9,,,,,,,,,,,,,,,,,
,SkyWest  ,81.60552062626668,,,,,,,,,10,,,,,,,,,,,,,,,,,
,JetBlue ,79.13,,,,,,,,,11,,,,,,,,,,,,,,,,,
,Frontier  ,77.93,,,,,,,,,12,,,,,,,,,,,,,,,,,
,United ,77.35,,,,,,,,,13,,,,,,,,,,,,,,,,,
,American  ,76.94,,,,,,,,,14,,,,,,,,,,,,,,,,,
,ExpressJet  ,76.89,,,,,,,,,15,,,,,,,,,,,,,,,,,
,All Airlines,81.85,,,,,,,,,,,,,,,,,,,,,,,,,,
,,,,,,,,,,,Source: Bureau of Transportation Statistics,,,,,,,,,,,,,,,,,
,,,,,,,,,,,Note: American Eagle and SkyWest ranked based on four digits.,,,,,,,,,,,,,,,,,
,Hawaiian  ,93.32,,,,,,,,,,1,,,,,,,,,,,,,,,,
,Alaska  ,87.16,,,,,,,,,,2,,,,,,,,,,,,,,,,
,Delta ,84.51,,,,,,,,,,3,,,,,,,,,,,,,,,,
,Virgin America,82.07,,,,,,,,,,4,,,,,,,,,,,,,,,,
,US Airways,81.47,,,,,,,,,,5,,,,,,,,,,,,,,,,
,Endeavor,80.27,,,,,,,,,,6,,,,,,,,,,,,,,,,
,SkyWest  ,79.66,,,,,,,,,,7,,,,,,,,,,,,,,,,
,AirTran  ,79.45,,,,,,,,,,8,,,,,,,,,,,,,,,,
,United ,79.27,,,,,,,,,,9,,,,,,,,,,,,,,,,
,American  ,77.62,,,,,,,,,,10,,,,,,,,,,,,,,,,
,Mesa  ,77.39,,,,,,,,,,11,,,,,,,,,,,,,,,,
,Southwest ,76.7,,,,,,,,,,12,,,,,,,,,,,,,,,,
,JetBlue ,74.44,,,,,,,,,,13,,,,,,,,,,,,,,,,
,Frontier  ,73.08,,,,,,,,,,14,,,,,,,,,,,,,,,,
,ExpressJet  ,72.75,,,,,,,,,,15,,,,,,,,,,,,,,,,
,American Eagle ,72.1,,,,,,,,,,16,,,,,,,,,,,,,,,,
,All Airlines,78.34,,,,,,,,,,,,,,,,,,,,,,,,,,
,,,,,,,,,,,,Source: Bureau of Transportation Statistics,,,,,,,,,,,,,,,,
,Hawaiian  ,91.89,,,,,,,,,,,1,,,,,,,,,,,,,,,
,Alaska  ,86.16,,,,,,,,,,,2,,,,,,,,,,,,,,,
,Delta ,83.71,,,,,,,,,,,3,,,,,,,,,,,,,,,
,Virgin America,81.48,,,,,,,,,,,4,,,,,,,,,,,,,,,
,AirTran  ,80.89,,,,,,,,,,,5,,,,,,,,,,,,,,,
,US Airways,80.69,,,,,,,,,,,6,,,,,,,,,,,,,,,
,SkyWest  ,76.35,,,,,,,,,,,7,,,,,,,,,,,,,,,
,United ,75.99,,,,,,,,,,,8,,,,,,,,,,,,,,,
,American  ,75.79,,,,,,,,,,,9,,,,,,,,,,,,,,,
,JetBlue ,75.43,,,,,,,,,,,10,,,,,,,,,,,,,,,
,Frontier  ,74.07,,,,,,,,,,,11,,,,,,,,,,,,,,,
,Southwest ,73.01,,,,,,,,,,,12,,,,,,,,,,,,,,,
,ExpressJet  ,70.75,,,,,,,,,,,13,,,,,,,,,,,,,,,
,Envoy,68.79,,,,,,,,,,,14,,,,,,,,,,,,,,,
,All Airlines,76.25,,,,,,,,,,,,,,,,,,,,,,,,,,
,,,,,,,,,,,,,Source: Bureau of Transportation Statistics,,,,,,,,,,,,,,,
,Hawaiian,88.4,,,,,,,,,,,,1,,,,,,,,,,,,,,
,Alaska ,86.42,,,,,,,,,,,,2,,,,,,,,,,,,,,
,Delta ,85.89,,,,,,,,,,,,3,,,,,,,,,,,,,,
,Combined American-US Airways,80.06172819479636,,,,,,,,,,,,4,,,,,,,,,,,,,,
,   American  ,80.25741614140256,,,,,,,,,,,,,,,,,,,,,,,,,,
,   US Airways*,79.3468032106283,,,,,,,,,,,,,,,,,,,,,,,,,,
,Virgin America,79.92,,,,,,,,,,,,5,,,,,,,,,,,,,,
,SkyWest ,79.72,,,,,,,,,,,,6,,,,,,,,,,,,,,
,Southwest ,79.71,,,,,,,,,,,,7,,,,,,,,,,,,,,
,United ,78.15,,,,,,,,,,,,8,,,,,,,,,,,,,,
,ExpressJet ,77.9,,,,,,,,,,,,9,,,,,,,,,,,,,,
,JetBlue,75.97,,,,,,,,,,,,10,,,,,,,,,,,,,,
,Envoy ,74.07,,,,,,,,,,,,11,,,,,,,,,,,,,,
,Frontier,73.23,,,,,,,,,,,,12,,,,,,,,,,,,,,
,Spirit ,68.98,,,,,,,,,,,,13,,,,,,,,,,,,,,
,All Airlines,79.92,,,,,,,,,,,,,,,,,,,,,,,,,,
,,,,,,,,,,,,,,Source: Bureau of Transportation Statistics,,,,,,,,,,,,,,
,,,,,,,,,,,,,,* US Airways began combined reporting with American in July 2015,,,,,,,,,,,,,,
,Hawaiian  ,91.08,,,,,,,,,,,,,1,,,,,,,,,,,,,
,Alaska  ,87.33,,,,,,,,,,,,,2,,,,,,,,,,,,,
,Delta ,86.48,,,,,,,,,,,,,3,,,,,,,,,,,,,
,SkyWest  ,82.28,,,,,,,,,,,,,4,,,,,,,,,,,,,
,United ,81.71,,,,,,,,,,,,,5,,,,,,,,,,,,,
,Southwest,80.8,,,,,,,,,,,,,6,,,,,,,,,,,,,
,ExpressJet  ,79.81,,,,,,,,,,,,,7,,,,,,,,,,,,,
,American,79.38,,,,,,,,,,,,,8,,,,,,,,,,,,,
,Virgin America,76.21,,,,,,,,,,,,,9,,,,,,,,,,,,,
,Frontier  ,76.02,,,,,,,,,,,,,10,,,,,,,,,,,,,
,JetBlue ,75.01,,,,,,,,,,,,,11,,,,,,,,,,,,,
,Spirit,74.32,,,,,,,,,,,,,12,,,,,,,,,,,,,
,All Airlines,81.42,,,,,,,,,,,,,,,,,,,,,,,,,,
,,,,,,,,,,,,,,,Source: Bureau of Transportation Statistics,,,,,,,,,,,,,
,Hawaiian  ,88.22,,,,,,,,,,,,,,1,,,,,,,,,,,,
,Delta ,85.4,,,,,,,,,,,,,,2,,,,,,,,,,,,
,Alaska  ,82.55,,,,,,,,,,,,,,3,,,,,,,,,,,,
,United ,82.06,,,,,,,,,,,,,,4,,,,,,,,,,,,
,American,80.35,,,,,,,,,,,,,,5,,,,,,,,,,,,
,SkyWest  ,80.01,,,,,,,,,,,,,,6,,,,,,,,,,,,
,Southwest,78.66,,,,,,,,,,,,,,7,,,,,,,,,,,,
,Frontier  ,78.34,,,,,,,,,,,,,,8,,,,,,,,,,,,
,ExpressJet  ,77.3,,,,,,,,,,,,,,9,,,,,,,,,,,,
,Spirit,77.09,,,,,,,,,,,,,,10,,,,,,,,,,,,
,JetBlue ,71.35,,,,,,,,,,,,,,11,,,,,,,,,,,,
,Virgin America,70.01,,,,,,,,,,,,,,12,,,,,,,,,,,,
,All Airlines,80.18,,,,,,,,,,,,,,,,,,,,,,,,,,
,,,,,,,,,,,,,,,,Source: Bureau of Transportation Statistics,,,,,,,,,,,,
,Hawaiian*  ,87.77,,,,,,,,,,,,,,,1,,,,,,,,,,,
,Delta* ,83.16,,,,,,,,,,,,,,,2,,,,,,,,,,,
,Alaska#  ,82.45095247653235,,,,,,,,,,,,,,,3,,,,,,,,,,,
,  Alaska  ,82.66,,,,,,,,,,,,,,,,,,,,,,,,,,
,  Virgin America (1Q only),77.61,,,,,,,,,,,,,,,,,,,,,,,,,,
,Spirit,81.08,,,,,,,,,,,,,,,4,,,,,,,,,,,
,Southwest,79.2,,,,,,,,,,,,,,,5,,,,,,,,,,,
,United *,77.92,,,,,,,,,,,,,,,6,,,,,,,,,,,
,American*,77.38,,,,,,,,,,,,,,,7,,,,,,,,,,,
,Allegiant,76.87,,,,,,,,,,,,,,,8,,,,,,,,,,,
,JetBlue ,70.96,,,,,,,,,,,,,,,9,,,,,,,,,,,
,Frontier  ,69.39,,,,,,,,,,,,,,,10,,,,,,,,,,,
,All Airlines,79.17,,,,,,,,,,,,,,,,,,,,,,,,,,
,,,,,,,,,,,,,,,,,Source: Bureau of Transportation Statistics,,,,,,,,,,,
,,,,,,,,,,,,,,,,,* Includes branded code-share partners,,,,,,,,,,,
,,,,,,,,,,,,,,,,,# Virgin America began combined reporting with Alaska in April 2018,,,,,,,,,,,
,Hawaiian,89.28,,,,,,,,,,,,,,,,1,,,,,,,,,,
,Delta,85.71,,,,,,,,,,,,,,,,2,,,,,,,,,,
,Alaska*,82.15434022571375,,,,,,,,,,,,,,,,3,,,,,,,,,,
,  Alaska  ,82.48135383563707,,,,,,,,,,,,,,,,,,,,,,,,,,
,  Virgin America (1Q only),77.60611205432937,,,,,,,,,,,,,,,,,,,,,,,,,,
,Spirit,81.08,,,,,,,,,,,,,,,,4,,,,,,,,,,
,SkyWest ,79.8,,,,,,,,,,,,,,,,5,,,,,,,,,,
,United ,79.68,,,,,,,,,,,,,,,,6,,,,,,,,,,
,Endeavor,79.3,,,,,,,,,,,,,,,,7,,,,,,,,,,
,Southwest,79.2,,,,,,,,,,,,,,,,8,,,,,,,,,,
,Republic,78.57,,,,,,,,,,,,,,,,9,,,,,,,,,,
,American,78.39,,,,,,,,,,,,,,,,10,,,,,,,,,,
,Mesa,77.35,,,,,,,,,,,,,,,,11,,,,,,,,,,
,Allegiant,76.87,,,,,,,,,,,,,,,,12,,,,,,,,,,
,Envoy ,76.82,,,,,,,,,,,,,,,,13,,,,,,,,,,
,ExpressJet ,76.45,,,,,,,,,,,,,,,,14,,,,,,,,,,
,PSA ,75.28,,,,,,,,,,,,,,,,15,,,,,,,,,,
,JetBlue ,70.96,,,,,,,,,,,,,,,,16,,,,,,,,,,
,Frontier ,69.39,,,,,,,,,,,,,,,,17,,,,,,,,,,
,All Airlines,79.38,,,,,,,,,,,,,,,,,,,,,,,,,,
,,,,,,,,,,,,,,,,,,Source: Bureau of Transportation Statistics,,,,,,,,,,
,,,,,,,,,,,,,,,,,,* Virgin America began combined reporting with Alaska in April 2018,,,,,,,,,,
,Hawaiian*  ,87.72,,,,,,,,,,,,,,,,,1,,,,,,,,,
,Delta* ,83.46,,,,,,,,,,,,,,,,,2,,,,,,,,,
,Alaska*  ,81.31,,,,,,,,,,,,,,,,,3,,,,,,,,,
,Southwest,80.24,,,,,,,,,,,,,,,,,4,,,,,,,,,
,Spirit,79.52,,,,,,,,,,,,,,,,,5,,,,,,,,,
,Allegiant,78.73,,,,,,,,,,,,,,,,,6,,,,,,,,,
,American*,77.43,,,,,,,,,,,,,,,,,7,,,,,,,,,
,United *,75.18,,,,,,,,,,,,,,,,,8,,,,,,,,,
,JetBlue ,73.5,,,,,,,,,,,,,,,,,9,,,,,,,,,
,Frontier  ,73.14,,,,,,,,,,,,,,,,,10,,,,,,,,,
,All Airlines,78.97,,,,,,,,,,,,,,,,,,,,,,,,,,
,,,,,,,,,,,,,,,,,,,Source: Bureau of Transportation Statistics,,,,,,,,,
,,,,,,,,,,,,,,,,,,,* Includes branded code-share partners,,,,,,,,,
,Hawaiian,88.34,,,,,,,,,,,,,,,,,,1,,,,,,,,
,Delta,85.18,,,,,,,,,,,,,,,,,,2,,,,,,,,
,Endeavor,80.93,,,,,,,,,,,,,,,,,,3,,,,,,,,
,Alaska,80.3,,,,,,,,,,,,,,,,,,4,,,,,,,,
,Southwest,80.24,,,,,,,,,,,,,,,,,,5,,,,,,,,
,Spirit,79.52,,,,,,,,,,,,,,,,,,6,,,,,,,,
,SkyWest ,79.23,,,,,,,,,,,,,,,,,,7,,,,,,,,
,Allegiant,78.73,,,,,,,,,,,,,,,,,,8,,,,,,,,
,Republic,78.66,,,,,,,,,,,,,,,,,,9,,,,,,,,
,PSA ,78.09,,,,,,,,,,,,,,,,,,10,,,,,,,,
,United ,77.74,,,,,,,,,,,,,,,,,,11,,,,,,,,
,American,77.01,,,,,,,,,,,,,,,,,,12,,,,,,,,
,Mesa,76.31,,,,,,,,,,,,,,,,,,13,,,,,,,,
,Envoy ,76.09,,,,,,,,,,,,,,,,,,14,,,,,,,,
,JetBlue ,73.5,,,,,,,,,,,,,,,,,,15,,,,,,,,
,Frontier ,73.14,,,,,,,,,,,,,,,,,,16,,,,,,,,
,ExpressJet ,70.64,,,,,,,,,,,,,,,,,,17,,,,,,,,
,All Airlines,79.21,,,,,,,,,,,,,,,,,,,,,,,,,,
,,,,,,,,,,,,,,,,,,,,Source: Bureau of Transportation Statistics,,,,,,,,
,Hawaiian*  ,87.5,,,,,,,,,,,,,,,,,,,1,,,,,,,
,Delta* ,87.2,,,,,,,,,,,,,,,,,,,2,,,,,,,
,Spirit,86.61,,,,,,,,,,,,,,,,,,,3,,,,,,,
,Alaska*  ,86.31,,,,,,,,,,,,,,,,,,,4,,,,,,,
,Southwest,85.98,,,,,,,,,,,,,,,,,,,5,,,,,,,
,Frontier  ,83.87,,,,,,,,,,,,,,,,,,,6,,,,,,,
,United *,83.75,,,,,,,,,,,,,,,,,,,7,,,,,,,
,American*,82.32,,,,,,,,,,,,,,,,,,,8,,,,,,,
,JetBlue ,82.14,,,,,,,,,,,,,,,,,,,9,,,,,,,
,Allegiant,71.33,,,,,,,,,,,,,,,,,,,10,,,,,,,
,All Airlines,84.5,,,,,,,,,,,,,,,,,,,,,,,,,,
,,,,,,,,,,,,,,,,,,,,,Source: Bureau of Transportation Statistics,,,,,,,
,,,,,,,,,,,,,,,,,,,,,* Includes branded code-share partners,,,,,,,
,Endeavor,89.16,,,,,,,,,,,,,,,,,,,,1,,,,,,
,Hawaiian,87.97,,,,,,,,,,,,,,,,,,,,2,,,,,,
,Republic,86.93,,,,,,,,,,,,,,,,,,,,3,,,,,,
,Spirit,86.61,,,,,,,,,,,,,,,,,,,,4,,,,,,
,Delta,86.32,,,,,,,,,,,,,,,,,,,,5,,,,,,
,Southwest,85.98,,,,,,,,,,,,,,,,,,,,6,,,,,,
,SkyWest ,85.89,,,,,,,,,,,,,,,,,,,,7,,,,,,
,Alaska,84.85,,,,,,,,,,,,,,,,,,,,8,,,,,,
,Frontier ,83.87,,,,,,,,,,,,,,,,,,,,9,,,,,,
,United ,83.56,,,,,,,,,,,,,,,,,,,,10,,,,,,
,American,83.37,,,,,,,,,,,,,,,,,,,,11,,,,,,
,JetBlue ,82.14,,,,,,,,,,,,,,,,,,,,12,,,,,,
,Envoy ,81.98,,,,,,,,,,,,,,,,,,,,13,,,,,,
,ExpressJet* ,81.84,,,,,,,,,,,,,,,,,,,,14,,,,,,
,Mesa,81.61,,,,,,,,,,,,,,,,,,,,15,,,,,,
,PSA ,79.3,,,,,,,,,,,,,,,,,,,,16,,,,,,
,Allegiant,71.33,,,,,,,,,,,,,,,,,,,,17,,,,,,
,All Airlines,84.63,,,,,,,,,,,,,,,,,,,,,,,,,,
,,,,,,,,,,,,,,,,,,,,,,Source: Bureau of Transportation Statistics,,,,,,
,,,,,,,,,,,,,,,,,,,,,,"* ExpressJet Airlines ceased operations on Sept. 30, 2020 ",,,,,,
,Hawaiian Airlines* ,90.14,,,,,,,,,,,,,,,,,,,,,1,,,,,
,Delta Air Lines*,88.22,,,,,,,,,,,,,,,,,,,,,2,,,,,
,Alaska Airlines*,83.17,,,,,,,,,,,,,,,,,,,,,3,,,,,
,American Airlines*,81.58,,,,,,,,,,,,,,,,,,,,,4,,,,,
,United Airlines*,79.81,,,,,,,,,,,,,,,,,,,,,5,,,,,
,Spirit Airlines,76.74,,,,,,,,,,,,,,,,,,,,,6,,,,,
,Frontier Airlines,76.64,,,,,,,,,,,,,,,,,,,,,7,,,,,
,Southwest Airlines,75.78,,,,,,,,,,,,,,,,,,,,,8,,,,,
,JetBlue Airways,72.31,,,,,,,,,,,,,,,,,,,,,9,,,,,
,Allegiant Air,68.26,,,,,,,,,,,,,,,,,,,,,10,,,,,
,All Airlines,81.08,,,,,,,,,,,,,,,,,,,,,,,,,,
,,,,,,,,,,,,,,,,,,,,,,,Source: Bureau of Transportation Statistics,,,,,
,,,,,,,,,,,,,,,,,,,,,,,* Includes branded code-share partners,,,,,
,Endeavor Air,90.98,,,,,,,,,,,,,,,,,,,,,,1,,,,
,Hawaiian Airlines,90.15,,,,,,,,,,,,,,,,,,,,,,2,,,,
,Delta Air Lines,87.85,,,,,,,,,,,,,,,,,,,,,,3,,,,
,Horizon Air,85.26,,,,,,,,,,,,,,,,,,,,,,4,,,,
,PSA Airlines,84.52,,,,,,,,,,,,,,,,,,,,,,5,,,,
,Republic Airways,84.35,,,,,,,,,,,,,,,,,,,,,,6,,,,
,SkyWest Airlines,82.45,,,,,,,,,,,,,,,,,,,,,,7,,,,
,Envoy Air,82.32,,,,,,,,,,,,,,,,,,,,,,8,,,,
,United Airlines,81.34,,,,,,,,,,,,,,,,,,,,,,9,,,,
,Alaska Airlines,81.22,,,,,,,,,,,,,,,,,,,,,,10,,,,
,American Airlines,80.53,,,,,,,,,,,,,,,,,,,,,,11,,,,
,Mesa Airlines,77.14,,,,,,,,,,,,,,,,,,,,,,12,,,,
,Spirit Airlines,76.74,,,,,,,,,,,,,,,,,,,,,,13,,,,
,Frontier Airlines,76.64,,,,,,,,,,,,,,,,,,,,,,14,,,,
,Southwest Airlines,75.78,,,,,,,,,,,,,,,,,,,,,,15,,,,
,JetBlue Airways,72.31,,,,,,,,,,,,,,,,,,,,,,16,,,,
,Allegiant Air,68.26,,,,,,,,,,,,,,,,,,,,,,17,,,,
,All Carriers,81.19,,,,,,,,,,,,,,,,,,,,,,,,,,
,,,,,,,,,,,,,,,,,,,,,,,,Source: Bureau of Transportation Statistics,,,,
,Delta Air Lines*,82.14,,,,,,,,,,,,,,,,,,,,,,,1,,,
,Alaska Airlines*,79.06,,,,,,,,,,,,,,,,,,,,,,,2,,,
,United Airlines*,78.74,,,,,,,,,,,,,,,,,,,,,,,3,,,
,American Airlines*,77.15,,,,,,,,,,,,,,,,,,,,,,,4,,,
,Hawaiian Airlines**,75.77,,,,,,,,,,,,,,,,,,,,,,,5,,,
,Southwest Airlines,73.18,,,,,,,,,,,,,,,,,,,,,,,6,,,
,Spirit Airlines,72.96,,,,,,,,,,,,,,,,,,,,,,,7,,,
,Frontier Airlines,66.1,,,,,,,,,,,,,,,,,,,,,,,8,,,
,JetBlue Airways,64.63,,,,,,,,,,,,,,,,,,,,,,,9,,,
,Allegiant Air,63.39,,,,,,,,,,,,,,,,,,,,,,,10,,,
,All Airlines,76.72,,,,,,,,,,,,,,,,,,,,,,,,,,
,,,,,,,,,,,,,,,,,,,,,,,,,Source: Bureau of Transportation Statistics,,,
,,,,,,,,,,,,,,,,,,,,,,,,,* Includes branded code-share partners,,,
,,,,,,,,,,,,,,,,,,,,,,,,,** Hawaiian Airlines stopped codesharing starting year 2022,,,
,Delta Air Lines,82.53,,,,,,,,,,,,,,,,,,,,,,,,1,,
,Horizon Air,81.79,,,,,,,,,,,,,,,,,,,,,,,,2,,
,SkyWest Airlines,81.61,,,,,,,,,,,,,,,,,,,,,,,,3,,
,Envoy Air,80.65,,,,,,,,,,,,,,,,,,,,,,,,4,,
,Endeavor Air,80.53,,,,,,,,,,,,,,,,,,,,,,,,5,,
,United Airlines,79.01,,,,,,,,,,,,,,,,,,,,,,,,6,,
,PSA Airlines,77.96,,,,,,,,,,,,,,,,,,,,,,,,7,,
,Mesa Airlines,77.43,,,,,,,,,,,,,,,,,,,,,,,,8,,
,Alaska Airlines,77.28,,,,,,,,,,,,,,,,,,,,,,,,9,,
,Republic Airways,76.42,,,,,,,,,,,,,,,,,,,,,,,,10,,
,Hawaiian Airlines,75.77,,,,,,,,,,,,,,,,,,,,,,,,11,,
,American Airlines,74.94,,,,,,,,,,,,,,,,,,,,,,,,12,,
,Southwest Airlines,73.18,,,,,,,,,,,,,,,,,,,,,,,,13,,
,Spirit Airlines,72.96,,,,,,,,,,,,,,,,,,,,,,,,14,,
,Frontier Airlines,66.1,,,,,,,,,,,,,,,,,,,,,,,,15,,
,JetBlue Airways,64.63,,,,,,,,,,,,,,,,,,,,,,,,16,,
,Allegiant Air,63.39,,,,,,,,,,,,,,,,,,,,,,,,17,,
,All Carriers,76.61,,,,,,,,,,,,,,,,,,,,,,,,,,
,,,,,,,,,,,,,,,,,,,,,,,,,,Source: Bureau of Transportation Statistics,,
,Delta Air Lines*,83.52,,,,,,,,,,,,,,,,,,,,,,,,,1.0,
,Alaska Airlines*,81.06,,,,,,,,,,,,,,,,,,,,,,,,,2.0,
,American Airlines*,78.88,,,,,,,,,,,,,,,,,,,,,,,,,3.0,
,United Airlines*,78.47,,,,,,,,,,,,,,,,,,,,,,,,,4.0,
,Southwest Airlines,77.25,,,,,,,,,,,,,,,,,,,,,,,,,5.0,
,Hawaiian Airlines,75.2,,,,,,,,,,,,,,,,,,,,,,,,,6.0,
,Allegiant Air,73.37,,,,,,,,,,,,,,,,,,,,,,,,,7.0,
,Spirit Airlines,69.51,,,,,,,,,,,,,,,,,,,,,,,,,8.0,
,JetBlue Airways,67.08,,,,,,,,,,,,,,,,,,,,,,,,,9.0,
,Frontier Airlines,66.99,,,,,,,,,,,,,,,,,,,,,,,,,10.0,
,All Carriers,78.34,,,,,,,,,,,,,,,,,,,,,,,,,,
,Source: Bureau of Transportation Statistics,,,,,,,,,,,,,,,,,,,,,,,,,,,
,* Includes branded code-share partners,,,,,,,,,,,,,,,,,,,,,,,,,,,
,Republic Airways,84.35,,,,,,,,,,,,,,,,,,,,,,,,,,1
,Endeavor Air,84.11,,,,,,,,,,,,,,,,,,,,,,,,,,2
,Delta Air Lines,82.61,,,,,,,,,,,,,,,,,,,,,,,,,,3
,SkyWest Airlines,82.46,,,,,,,,,,,,,,,,,,,,,,,,,,4
,PSA Airlines,82.06,,,,,,,,,,,,,,,,,,,,,,,,,,5
,Envoy Air,80.84,,,,,,,,,,,,,,,,,,,,,,,,,,6
,Alaska Airlines,79.48,,,,,,,,,,,,,,,,,,,,,,,,,,7
,United Airlines,78.07,,,,,,,,,,,,,,,,,,,,,,,,,,8
,Southwest Airlines,77.25,,,,,,,,,,,,,,,,,,,,,,,,,,9
,American Airlines,75.94,,,,,,,,,,,,,,,,,,,,,,,,,,10
,Hawaiian Airlines,75.2,,,,,,,,,,,,,,,,,,,,,,,,,,11
,Allegiant Air,73.37,,,,,,,,,,,,,,,,,,,,,,,,,,12
,Spirit Airlines ,69.51,,,,,,,,,,,,,,,,,,,,,,,,,,13
,JetBlue Airways,67.08,,,,,,,,,,,,,,,,,,,,,,,,,,14
,Frontier Airlines,66.99,,,,,,,,,,,,,,,,,,,,,,,,,,15
,All Carriers,78.22,,,,,,,,,,,,,,,,,,,,,,,,,,
,,,,,,,,,,,,,,,,,,,,,,,,,,,,Source: Bureau of Transportation Statistics
